{ "compressionlevel":-1,
 "height":10,
 "infinite":false,
 "layers":[
        {
         "data":[0, 0, 0, 0, 0, 0, 0, 0, 0, 1, 1, 1, 1, 1, 1, 0, 0, 0, 0, 0, 0, 0, 0, 0, 0, 0, 1, 1, 1, 1, 0, 0, 0, 1, 1, 0, 0, 1, 1, 0, 0, 0, 1, 0, 0, 1, 0, 0, 0, 0, 0, 0, 0, 0, 0, 0, 0, 0, 0, 0, 0, 0, 0, 0, 0, 0, 0, 0, 0, 0, 0, 0, 0, 0, 0, 0, 0, 0, 0, 0],
         "height":10,
         "id":1,
         "name":"Level",
         "opacity":1,
         "type":"tilelayer",
         "visible":true,
         "width":8,
         "x":0,
         "y":0
        }],
 "nextlayerid":2,
 "nextobjectid":1,
 "orientation":"orthogonal",
 "renderorder":"right-down",
 "tiledversion":"1.3.3",
 "tileheight":48,
 "tilesets":[
        {
         "columns":1,
         "firstgid":1,
         "image":"..\/assets\/block.png",
         "imageheight":48,
         "imagewidth":96,
         "margin":0,
         "name":"block",
         "spacing":0,
         "tilecount":1,
         "tileheight":48,
         "tilewidth":96
        }],
 "tilewidth":96,
 "type":"map",
 "version":1.2,
 "width":8
}